,train_loss,val_loss
0,0.29607939980562453,0.17649065396364996
