,train_loss,val_loss
0,0.5544335335585355,0.5434609055519104
1,0.5479469959949931,0.5457510948181152
2,0.5470588772843128,0.5443935394287109
3,0.54649022129298,0.5436158180236816
