,train_loss,val_loss
0,0.5481630158682725,0.5148562303981425
1,0.5175807177097804,0.5077589537416186
2,0.5053698710243768,0.5063927564191522
3,0.48859524902175455,0.5067889123969938
4,0.4692828729979394,0.49369230163023337
